[
    {
        "name": "coin_structure_detailed",
        "x": 25,
        "y": 1,
        "z": 38
    },
    {
        "name": "coin_structure_detailed",
        "x": 16,
        "y": 1,
        "z": -39
    },
    {
        "name": "coin_structure_detailed",
        "x": 27,
        "y": 1,
        "z": 7
    },
    {
        "name": "coin_structure_detailed",
        "x": 1,
        "y": 1,
        "z": -8
    },
    {
        "name": "coin_structure_detailed",
        "x": 44,
        "y": 1,
        "z": -3
    },
    {
        "name": "coin_structure_detailed",
        "x": -48,
        "y": 1,
        "z": 16
    },
    {
        "name": "coin_structure_detailed",
        "x": -49,
        "y": 1,
        "z": -15
    },
    {
        "name": "coin_structure_detailed",
        "x": -40,
        "y": 1,
        "z": -12
    },
    {
        "name": "coin_structure_detailed",
        "x": 7,
        "y": 1,
        "z": -17
    },
    {
        "name": "coin_structure_detailed",
        "x": 37,
        "y": 1,
        "z": -42
    },
    {
        "name": "coin_structure_detailed",
        "x": 47,
        "y": 1,
        "z": -27
    },
    {
        "name": "coin_structure_detailed",
        "x": 32,
        "y": 1,
        "z": -15
    }
]